firstname,lastname,age
Aaron,Aaberg,26
Aaron,Aaby,97
Aaron,Aadland,55
Aaron,Aagaard,3
Aaron,Aakre,42
Aaron,Aaland,37
Aaron,Aalbers,44
Aaron,Aalderink,52
Aaron,Aalund,50
Aaron,Aamodt,98
Aaron,Aamot,89
Aaron,Aanderud,48
Aaron,Aanenson,57
Aaron,Aanerud,72
Aaron,Aarant,76
Aaron,Aardema,28
Aaron,Aarestad,52
Aaron,Aarhus,79
Aaron,Aaron,94
Aaron,Aarons,82
Aaron,Aaronson,76
Aaron,Aarsvold,7
Aaron,Aas,9
Aaron,Aasby,27
Aaron,Aase,77
Aaron,Aasen,28
Aaron,Aavang,56
Aaron,Abad,46
Aaron,Abadi,33
Aaron,Abadie,13
Aaron,Abair,86
Aaron,Abaja,2
Aaron,Abajian,71
Aaron,Abalos,8
Aaron,Abaloz,81
Aaron,Abar,68
Aaron,Abarca,27
Aaron,Abare,6
Aaron,Abascal,52
Aaron,Abasta,23
Aaron,Abate,13
Aaron,Abati,7
Aaron,Abatiell,47
Aaron,Abato,2
Aaron,Abatti,30
Aaron,Abaunza,43
Aaron,Abaya,54
Aaron,Abbadessa,58
Aaron,Abbamonte,24
Aaron,Abbas,8
Aaron,Abbasi,89
Aaron,Abbassi,89
Aaron,Abbate,88
Aaron,Abbatiello,35
Aaron,Abbay,21
Aaron,Abbe,9
Aaron,Abbed,36
Aaron,Abbenante,59
Aaron,Abbey,77
Aaron,Abbinanti,69
Aaron,Abbington,28
Aaron,Abbitt,74
Aaron,Abbot,5
Aaron,Abbott,70
Aaron,Abboud,60
Aaron,Abbruzzese,51
Aaron,Abbs,2
Aaron,Abby,24
Aaron,Abdalla,92
Aaron,Abdallah,49
Aaron,Abdel,20
Aaron,Abdelal,41
Aaron,Abdelaziz,47
Aaron,Abdeldayen,37
Aaron,Abdelhamid,67
Aaron,Abdella,11
Aaron,Abdelmuti,53
Aaron,Abdelrahman,48
Aaron,Abdelwahed,92
Aaron,Abdi,63
Aaron,Abdin,58
Aaron,Abdo,32
Aaron,Abdon,4
Aaron,Abdool,61
Aaron,Abdou,5
Aaron,Abdul,47
Aaron,Abdula,87
Aaron,Abdulaziz,21
Aaron,Abdulkarim,86
Aaron,Abdulla,44
Aaron,Abdullah,76
Aaron,Abdullai,92
Aaron,Abdulmateen,76
Aaron,Abdulmuniem,53
Aaron,Abdur,46
Aaron,Abe,90
Aaron,Abeb,19
Aaron,Abed,29
Aaron,Abedelah,23
Aaron,Abedi,17
